{
  "timestamp": "20251127_175425",
  "experiment_type": "time_step_dependent",
  "script_name": "train_mountaincar_continuous_td3_full_qbound.py",
  "config": {
    "env": "MountainCarContinuous-v0",
    "reward_structure": "time_step_dependent_negative",
    "episodes": 500,
    "max_steps": 999,
    "gamma": 0.99,
    "lr_actor": 0.001,
    "lr_critic": 0.001,
    "tau": 0.005,
    "batch_size": 256,
    "warmup_episodes": 10,
    "policy_noise": 0.2,
    "noise_clip": 0.5,
    "policy_freq": 2,
    "qbound_min": -99.99,
    "qbound_max": 100.0,
    "step_reward": -1.0,
    "seed": 42,
    "soft_qbound_params": {
      "soft_clip_beta": 0.1,
      "method": "softplus_clip"
    }
  },
  "training": {
    "baseline": {
      "rewards": [
        -32.69595719376488,
        -32.604582703113195,
        -32.18814640581402,
        -32.22363957245035,
        -32.55363369577387,
        -32.589249607674226,
        -33.459621045133744,
        -33.25649597364027,
        -32.103028516970795,
        -33.086947735886405,
        -14.007560239633904,
        -14.376330214377544,
        -13.97878740151759,
        -14.557905624008265,
        -13.480209349050606,
        -12.36574563469128,
        -14.68125409011806,
        -13.864646875499199,
        -13.044484010697692,
        -11.185435439913988,
        -13.113070441415605,
        -14.994248746541698,
        -11.33369180329163,
        -17.522948240250763,
        -13.146609937958404,
        86.10247625345815,
        95.42405254532024,
        -17.039225847787556,
        -18.93177087263911,
        -17.482746091588297,
        91.45516232192729,
        -15.566555016211378,
        -14.100061417799353,
        -14.92424904175504,
        -14.530124610124064,
        -14.878221456187765,
        88.15276921008116,
        85.04858404548479,
        -24.180081532827497,
        -22.159928495177535,
        -16.49716213471448,
        -23.131788468464293,
        83.32544452902215,
        -19.383375384627772,
        93.3582497497769,
        91.33889382801807,
        92.5049907613938,
        94.25318577387324,
        93.65641859290848,
        88.15310789383179,
        93.32196535198226,
        92.45686899017828,
        96.17324603186782,
        92.96886415958764,
        91.01109723389924,
        95.5684353624739,
        92.77703638988852,
        92.28234049463248,
        95.21560153149142,
        95.87332425407409,
        93.42628521774876,
        93.40853693857494,
        90.4393086917605,
        91.89413836230888,
        89.91849623721099,
        94.18006994668963,
        93.62868475660281,
        93.69969352569494,
        93.69196001421024,
        92.25360388983714,
        89.3517181081842,
        82.76985033059307,
        93.44395902399508,
        89.14207146982264,
        94.06015065907484,
        92.22961247293398,
        95.27983840936821,
        94.90833324224725,
        94.70436239241097,
        90.97583048465044,
        91.15603691995858,
        94.72148272750988,
        92.39667589632303,
        88.8291603104042,
        93.18555062396086,
        90.1979852763068,
        93.80745034833807,
        91.22709252123175,
        93.49517935354473,
        90.38932085680594,
        84.52553939685882,
        92.58551949991842,
        94.35021535796477,
        93.59510984430871,
        91.54651129575612,
        93.23267976528501,
        90.93712491347728,
        89.14688531893995,
        94.92793446045512,
        94.57787961807662,
        94.11153655443948,
        90.00487659469981,
        95.14524420486636,
        93.46913450493558,
        90.6418243392712,
        94.3831786054984,
        93.9900315432043,
        91.6840117775235,
        94.38583283787561,
        94.06086270035367,
        90.68469980498645,
        95.0339260756622,
        94.36602328513696,
        85.4008695643139,
        95.64756991997778,
        94.41600246705318,
        94.06266663964918,
        94.7935838496817,
        92.53334693261472,
        94.3550087244522,
        95.34662718687129,
        89.03697346863872,
        94.30406975892278,
        92.34022800290028,
        93.89778854332121,
        93.86794723599519,
        92.9741962984971,
        90.81355457604516,
        94.52465281504195,
        93.07237749185664,
        94.03072759305654,
        93.89237490327747,
        93.37983909906612,
        94.0454974784288,
        92.64059716056994,
        93.99530225279062,
        93.49290195192675,
        94.13604554903488,
        84.7283372907963,
        94.76180102125905,
        93.54728746751732,
        94.60982008887518,
        93.65993428231728,
        93.37307400968668,
        91.8367257795085,
        93.408032472623,
        93.42613734006083,
        93.55500305540298,
        91.50294010470233,
        92.981885723375,
        93.44976453032488,
        92.9871179379336,
        93.37701071610955,
        85.72526579883436,
        93.26172490507535,
        93.52051004249586,
        93.92066939245342,
        94.51143796296739,
        92.99255336084167,
        92.07874252797042,
        92.89989620903143,
        93.01668149386492,
        92.58919947597565,
        93.15172271823369,
        93.17839704817519,
        92.88794471746694,
        93.2789007055542,
        94.15540037798795,
        94.12857744905097,
        93.75129997764382,
        93.04163045036235,
        92.89411154777599,
        93.43160042383607,
        92.66484817825138,
        93.16076988922703,
        93.11115090315974,
        93.92303291929308,
        93.95535585659714,
        94.18211751047129,
        93.83192849773722,
        94.17194573126429,
        93.90576427585835,
        93.6929585339007,
        93.50271024013762,
        91.1526208608967,
        92.95014975658167,
        94.45177364141036,
        93.46103323293347,
        93.85041617665624,
        93.88135826085764,
        93.35121555047301,
        90.76207898374572,
        94.02983697294441,
        94.03774735925441,
        93.25396906137087,
        94.1357790811143,
        92.36247424872967,
        93.19150462990648,
        92.52995231963119,
        92.96207607022808,
        93.24396915135314,
        93.2665399765459,
        93.34648266940226,
        93.84503130485173,
        93.74962656775989,
        93.78885427435573,
        92.64642974070105,
        93.49906920841252,
        93.79437290234122,
        94.55722672273315,
        93.6997274701255,
        93.90626652478254,
        94.74797117394198,
        93.59318906075166,
        94.81657650802944,
        93.74739014552269,
        93.88961454189479,
        93.42983484743888,
        94.10332386651079,
        93.0387408826714,
        93.65229652816078,
        92.94255280007809,
        94.72788539256831,
        93.73579186320396,
        94.29406011401908,
        94.08411718671053,
        94.06292395689825,
        94.34730864488701,
        89.12049296392483,
        92.97434490942285,
        90.01590936150147,
        93.42043915495161,
        93.60498556801802,
        92.96185454272411,
        93.89479831166977,
        89.36241706220986,
        94.66501066241126,
        93.28458528986674,
        93.8281495813494,
        93.02837985851245,
        94.54833889955638,
        92.85595736230859,
        94.6155856000012,
        93.95339278760895,
        94.27134191835088,
        93.60525040776714,
        93.85364371552595,
        94.12545964075596,
        93.61633490284217,
        93.54642269039982,
        94.81889440730808,
        93.54243107189257,
        94.7851657929444,
        94.17335881061362,
        94.57784614605549,
        94.79626708014001,
        93.8049474173098,
        92.94377170182375,
        94.27834621126956,
        93.77775092052453,
        94.82325930617911,
        93.5588297207042,
        93.55181497684555,
        93.93472991934762,
        93.9043216454172,
        93.54061721106386,
        93.97677354076879,
